N	Id	Description	Localization	         Method	Threshold	Avg Score	Cover	Epitope	Start	End	N-Glyc	N-Glyc-Count	N-Glyc-Motifs	Length	kDa	I.P	Avg Hydropathy	Avg Cover
1	O30405	O30405	Periplasmic	   BepiPred-3.0	0.15	0.25	-	SFYTRGKRHTP	113	124	N	0	-	11	1.35	11.00	-1.71	0.82
				          Emini	1.00	1.94	0.91	EEEEEEEEEE.         	
				       Kolaskar	1.03	0.98	0.18	.........EE         	
				    Chou Fosman	0.94	1.07	1.00	EEEEEEEEEEE         	
				 Karplus Schulz	0.99	1.03	1.00	EEEEEEEEEEE         	
				         Parker	1.09	2.79	1.00	EEEEEEEEEEE         	
				    All matches	-	-	0.09	.........E.         	
				         N-Glyc	-	-	0.00	...........         	
				     Hydropathy	-	-1.71	-	-+---------         	
2	O83289	O83289	CytoplasmicMembrane	   BepiPred-3.0	0.15	0.22	-	RYTTAPFPPTPAN	215	228	N	0	-	13	1.43	8.75	-0.88	0.80
				          Emini	1.00	3.11	1.00	EEEEEEEEEEEEE         	
				       Kolaskar	1.07	1.00	0.00	.............         	
				    Chou Fosman	0.90	1.10	1.00	EEEEEEEEEEEEE         	
				 Karplus Schulz	0.96	1.03	1.00	EEEEEEEEEEEEE         	
				         Parker	-0.69	2.25	1.00	EEEEEEEEEEEEE         	
				    All matches	-	-	0.00	.............         	
				         N-Glyc	-	-	0.00	.............         	
				     Hydropathy	-	-0.88	-	----+-+----+-         	
3	O83444	O83444	CytoplasmicMembrane	   BepiPred-3.0	0.15	0.21	-	QTKNVTRGEE	62	72	Y	1	NVT[4:6]	10	1.16	6.14	-2.00	0.78
				          Emini	1.00	2.29	0.90	EEEEEEEEE.         	
				       Kolaskar	1.07	0.97	0.00	..........         	
				    Chou Fosman	0.90	1.01	1.00	EEEEEEEEEE         	
				 Karplus Schulz	0.97	1.05	1.00	EEEEEEEEEE         	
				         Parker	0.14	4.54	1.00	EEEEEEEEEE         	
				    All matches	-	-	0.00	..........         	
				         N-Glyc	-	-	0.30	...EEE....         	
				     Hydropathy	-	-2.00	-	----+-----         	
4	O83561	O83561	Cytoplasmic	   BepiPred-3.0	0.15	0.21	-	GGKNGEVRDR	379	389	N	0	-	10	1.09	8.75	-2.04	0.76
				          Emini	1.00	2.23	0.80	..EEEEEEEE         	
				       Kolaskar	1.06	0.96	0.00	..........         	
				    Chou Fosman	0.92	1.11	1.00	EEEEEEEEEE         	
				 Karplus Schulz	0.98	1.06	1.00	EEEEEEEEEE         	
				         Parker	1.27	4.27	1.00	EEEEEEEEEE         	
				    All matches	-	-	0.00	..........         	
				         N-Glyc	-	-	0.00	..........         	
				     Hydropathy	-	-2.04	-	------+---         	
5	O66103	O66103	CytoplasmicMembrane	   BepiPred-3.0	0.15	0.22	-	RTPPEIGPERN	254	265	N	0	-	11	1.27	6.14	-1.90	0.75
				          Emini	1.00	1.58	0.82	EEE..EEEEEE         	
				       Kolaskar	1.04	0.97	0.00	...........         	
				    Chou Fosman	0.92	1.08	1.00	EEEEEEEEEEE         	
				 Karplus Schulz	0.98	1.04	1.00	EEEEEEEEEEE         	
				         Parker	0.80	2.86	0.91	EE.EEEEEEEE         	
				    All matches	-	-	0.00	...........         	
				         N-Glyc	-	-	0.00	...........         	
				     Hydropathy	-	-1.90	-	-----+-----         	
6	O83151	O83151	Cytoplasmic	   BepiPred-3.0	0.15	0.23	-	KSSEQSHYVNN	86	97	N	0	-	11	1.29	6.75	-1.87	0.75
				          Emini	1.00	1.81	0.73	EEEEEEEE...         	
				       Kolaskar	1.04	1.02	0.45	.....EE.EEE         	
				    Chou Fosman	0.94	1.12	1.00	EEEEEEEEEEE         	
				 Karplus Schulz	0.99	1.04	0.55	EEEEEE.....         	
				         Parker	1.14	3.95	1.00	EEEEEEEEEEE         	
				    All matches	-	-	0.09	.....E.....         	
				         N-Glyc	-	-	0.00	...........         	
				     Hydropathy	-	-1.87	-	--------+--         	
7	O83544	O83544	CytoplasmicMembrane	   BepiPred-3.0	0.15	0.25	-	PRGKSSVAHDSANEEQFQGEKC	109	131	N	0	-	22	2.40	5.54	-1.44	0.73
				          Emini	1.00	1.84	0.64	EEEE.E...EEEEEEEEE....         	
				       Kolaskar	1.06	1.00	0.09	.......EE.............         	
				    Chou Fosman	0.93	1.05	0.91	EEEEEEEEEEEEEE.E.EEEEE         	
				 Karplus Schulz	0.98	1.04	1.00	EEEEEEEEEEEEEEEEEEEEEE         	
				         Parker	0.44	4.05	1.00	EEEEEEEEEEEEEEEEEEEEEE         	
				    All matches	-	-	0.00	......................         	
				         N-Glyc	-	-	0.00	......................         	
				     Hydropathy	-	-1.44	-	------++---+----+----+         	
8	O83414	O83414	CytoplasmicMembrane	   BepiPred-3.0	0.15	0.21	-	EIRQDNPDTPWDD	293	306	N	0	-	13	1.60	3.71	-2.25	0.72
				          Emini	1.00	1.97	0.77	..EEEEEEEEEE.         	
				       Kolaskar	1.02	0.95	0.08	E............         	
				    Chou Fosman	0.93	1.19	0.92	.EEEEEEEEEEEE         	
				 Karplus Schulz	1.00	1.05	0.92	.EEEEEEEEEEEE         	
				         Parker	1.55	3.76	0.92	.EEEEEEEEEEEE         	
				    All matches	-	-	0.00	.............         	
				         N-Glyc	-	-	0.00	.............         	
				     Hydropathy	-	-2.25	-	-+-----------         	
9	O83172	O83172	Extracellular	   BepiPred-3.0	0.15	0.23	-	NGAGSSSTGTTASPSTET	117	135	N	0	-	18	1.61	4.00	-0.76	0.69
				          Emini	1.00	1.18	0.61	......EEEEEEEEEE.E         	
				       Kolaskar	1.02	0.99	0.11	EE................         	
				    Chou Fosman	1.11	1.20	0.83	EEEEEEEEEEEEE..EE.         	
				 Karplus Schulz	1.03	1.08	0.89	..EEEEEEEEEEEEEEEE         	
				         Parker	2.73	4.94	1.00	EEEEEEEEEEEEEEEEEE         	
				    All matches	-	-	0.00	..................         	
				         N-Glyc	-	-	0.00	..................         	
				     Hydropathy	-	-0.76	-	--+--------+------         	
10	O07888	O07888	Unknown	   BepiPred-3.0	0.15	0.22	-	YPVSQEFRESREL	66	79	N	0	-	13	1.64	4.79	-1.28	0.68
				          Emini	1.00	1.71	0.77	..E.EEEEEEEEE         	
				       Kolaskar	1.05	1.02	0.38	EEEE........E         	
				    Chou Fosman	0.91	0.93	0.62	EEEEE.EE....E         	
				 Karplus Schulz	0.99	1.02	0.77	..EEEEEEEEEE.         	
				         Parker	1.14	2.38	0.85	EEE.EEEEEEEE.         	
				    All matches	-	-	0.08	..E..........         	
				         N-Glyc	-	-	0.00	.............         	
				     Hydropathy	-	-1.28	-	--+---+-----+         	
11	O83172	O83172	Extracellular	   BepiPred-3.0	0.15	0.24	-	DTASSAASSPAQCPSSPSSSSSSSTNAGCE	303	333	N	0	-	30	2.75	3.67	-0.57	0.67
				          Emini	1.00	1.20	0.53	EEE...E.E....E.EEEEEEEEEE.....         	
				       Kolaskar	1.02	1.03	0.50	.....EEEEEEEEEEEE..........EEE         	
				    Chou Fosman	1.11	1.22	0.70	.E....EE.EEEEEEEEEEEEEEEEEE...         	
				 Karplus Schulz	1.03	1.06	0.67	EEE....EEEE..EEEEEEEEEEEEE....         	
				         Parker	2.73	4.82	0.97	EEEEEEEEEEEEEEEEEEEEEEEEEEEEE.         	
				    All matches	-	-	0.10	.............E.EE.............         	
				         N-Glyc	-	-	0.00	..............................         	
				     Hydropathy	-	-0.57	-	--+--++---+-+-------------+-+-         	
12	O83128	O83128	Cytoplasmic	   BepiPred-3.0	0.15	0.27	-	HPVRSRAKELPEVRKN	157	173	N	0	-	16	1.92	10.90	-1.56	0.66
				          Emini	1.00	2.19	0.88	..EEEEEEEEEEEEEE         	
				       Kolaskar	1.03	1.04	0.31	EEEE.....E......         	
				    Chou Fosman	0.97	0.93	0.44	..EEE..E....EE.E         	
				 Karplus Schulz	0.99	1.03	0.88	..EEEEEEEEEEEEEE         	
				         Parker	1.28	2.28	0.81	...EEEEEEEEEEEEE         	
				    All matches	-	-	0.06	...E............         	
				         N-Glyc	-	-	0.00	................         	
				     Hydropathy	-	-1.56	-	--+---+--+--+---         	
13	O83425	O83425	CytoplasmicMembrane	   BepiPred-3.0	0.15	0.21	-	RKDSYGLDVR	280	290	N	0	-	10	1.21	8.59	-1.44	0.66
				          Emini	1.00	1.87	0.50	EEEEE.....         	
				       Kolaskar	1.04	1.02	0.30	.E...EE...         	
				    Chou Fosman	0.92	1.14	1.00	EEEEEEEEEE         	
				 Karplus Schulz	0.99	0.99	0.50	EEEE.....E         	
				         Parker	0.91	2.80	1.00	EEEEEEEEEE         	
				    All matches	-	-	0.10	.E........         	
				         N-Glyc	-	-	0.00	..........         	
				     Hydropathy	-	-1.44	-	------+-+-         	
14	O30405	O30405	Periplasmic	   BepiPred-3.0	0.15	0.26	-	DQRETQEKDSRGKWINY	233	250	N	0	-	17	2.15	6.21	-2.41	0.65
				          Emini	1.00	3.15	0.76	EEEEEEEEEEE...E.E         	
				       Kolaskar	1.03	0.93	0.00	.................         	
				    Chou Fosman	0.94	1.08	0.94	EEEE.EEEEEEEEEEEE         	
				 Karplus Schulz	0.99	1.05	0.76	EEEEEEEEEEEEE....         	
				         Parker	1.09	4.16	0.76	EEEEEEEEEEEEE....         	
				    All matches	-	-	0.00	.................         	
				         N-Glyc	-	-	0.00	.................         	
				     Hydropathy	-	-2.41	-	--------------+--         	
15	O83172	O83172	Extracellular	   BepiPred-3.0	0.15	0.25	-	KESNVHKSPGQWGESSPTPKASAEQYRGT	382	411	N	0	-	29	3.14	8.44	-1.59	0.64
				          Emini	1.00	2.01	0.97	EEEEEEEEEEEEEEEEEEEEEEEEEEE.E         	
				       Kolaskar	1.02	0.99	0.10	..E..E.E.....................         	
				    Chou Fosman	1.11	1.12	0.48	.....EEEEEEEEEEEEEE..........         	
				 Karplus Schulz	1.03	1.05	0.79	EEEE..EEEEEEEEEEEEEEE....EEEE         	
				         Parker	2.73	3.72	0.86	...EEEEE.EEEEEEEEEEEEEEEEEEEE         	
				    All matches	-	-	0.03	.......E.....................         	
				         N-Glyc	-	-	0.00	.............................         	
				     Hydropathy	-	-1.59	-	----+---------------+-+------         	
16	O83279	O83279	CytoplasmicMembrane	   BepiPred-3.0	0.15	0.21	-	WHYRYRHEQQ	288	298	N	0	-	10	1.50	8.60	-2.94	0.64
				          Emini	1.00	4.49	1.00	EEEEEEEEEE         	
				       Kolaskar	1.07	1.01	0.00	..........         	
				    Chou Fosman	0.94	0.99	1.00	EEEEEEEEEE         	
				 Karplus Schulz	0.97	0.98	0.40	......EEEE         	
				         Parker	-0.10	2.08	0.80	E.E.EEEEEE         	
				    All matches	-	-	0.00	..........         	
				         N-Glyc	-	-	0.00	..........         	
				     Hydropathy	-	-2.94	-	----------         	
17	O83414	O83414	CytoplasmicMembrane	   BepiPred-3.0	0.15	0.19	-	MSNQVGLSNQ	347	357	N	0	-	10	1.08	5.28	-0.61	0.64
				          Emini	1.00	0.70	0.10	E.........         	
				       Kolaskar	1.02	1.02	0.50	....E.EEEE         	
				    Chou Fosman	0.93	1.11	1.00	EEEEEEEEEE         	
				 Karplus Schulz	1.00	1.03	0.80	EEEE..EEEE         	
				         Parker	1.55	2.79	0.80	EEE.EEEEE.         	
				    All matches	-	-	0.00	..........         	
				         N-Glyc	-	-	0.00	..........         	
				     Hydropathy	-	-0.61	-	+---+-+---         	
18	O83172	O83172	Extracellular	   BepiPred-3.0	0.15	0.27	-	EANSSGTNGT	368	378	Y	2	NSS[3:5]-NGT[8:10]	10	0.94	4.00	-1.25	0.64
				          Emini	1.00	1.11	0.70	EEEEEEE...         	
				       Kolaskar	1.02	0.95	0.00	..........         	
				    Chou Fosman	1.11	1.20	0.80	..EEEEEEEE         	
				 Karplus Schulz	1.03	1.07	0.80	.EEEEEEEE.         	
				         Parker	2.73	4.54	0.90	.EEEEEEEEE         	
				    All matches	-	-	0.00	..........         	
				         N-Glyc	-	-	0.60	..EEE..EEE         	
				     Hydropathy	-	-1.25	-	-+--------         	
19	O30405	O30405	Periplasmic	   BepiPred-3.0	0.15	0.22	-	PRRQRADGHFY	86	97	N	0	-	11	1.40	10.74	-2.04	0.64
				          Emini	1.00	2.00	0.55	EEEEEE.....         	
				       Kolaskar	1.03	1.00	0.27	........EEE         	
				    Chou Fosman	0.94	1.01	0.91	EE.EEEEEEEE         	
				 Karplus Schulz	0.99	1.02	0.73	EEEEEEEE...         	
				         Parker	1.09	2.39	0.73	EEEEEEEE...         	
				    All matches	-	-	0.00	...........         	
				         N-Glyc	-	-	0.00	...........         	
				     Hydropathy	-	-2.04	-	-----+---+-         	
20	O83172	O83172	Extracellular	   BepiPred-3.0	0.15	0.25	-	NGGGNGVAAGGAGCPANASSSSGGTSSTQR	425	455	Y	1	NAS[17:19]	30	2.54	8.25	-0.47	0.63
				          Emini	1.00	1.10	0.37	EE..............EEE.....EEEEEE         	
				       Kolaskar	1.02	0.98	0.27	........EEEEE.EEE.............         	
				    Chou Fosman	1.11	1.25	0.93	EEEEEEEE..EEEEEEEEEEEEEEEEEEEE         	
				 Karplus Schulz	1.03	1.06	0.60	EEEEE............EEEEEEEEEEEEE         	
				         Parker	2.73	4.64	1.00	EEEEEEEEEEEEEEEEEEEEEEEEEEEEEE         	
				    All matches	-	-	0.00	..............................         	
				         N-Glyc	-	-	0.10	................EEE...........         	
				     Hydropathy	-	-0.47	-	------+++--+-+-+-+------------         	
21	O83128	O83128	Cytoplasmic	   BepiPred-3.0	0.15	0.20	-	GLDGGPFTCS	182	192	N	0	-	10	0.95	3.80	0.13	0.62
				          Emini	1.00	0.42	0.00	..........         	
				       Kolaskar	1.03	1.04	0.60	EE....EEEE         	
				    Chou Fosman	0.97	1.19	1.00	EEEEEEEEEE         	
				 Karplus Schulz	0.99	1.02	0.70	.EEEEEE..E         	
				         Parker	1.28	1.73	0.80	EEEEEEEE..         	
				    All matches	-	-	0.00	..........         	
				         N-Glyc	-	-	0.00	..........         	
				     Hydropathy	-	0.13	-	-+----+-+-         	
22	O83943	O83943	CytoplasmicMembrane	   BepiPred-3.0	0.15	0.21	-	QPSCNETGGVFRT	173	13	Y	1	NET[5:7]	13	1.40	5.99	-0.78	0.60
				          Emini	1.00	0.95	0.46	EEEEE.E......         	
				       Kolaskar	1.07	0.77	0.08	E............         	
				    Chou Fosman	0.91	0.91	0.77	EEEEEEEEEE...         	
				 Karplus Schulz	0.97	0.73	0.69	EEEEEEEEE....         	
				         Parker	-0.46	3.10	1.00	EEEEEEEEEEEEE         	
				    All matches	-	-	0.08	E............         	
				         N-Glyc	-	-	0.23	....EEE......         	
				     Hydropathy	-	-0.78	-	---+-----++--         	
23	O83504	O83504	CytoplasmicMembrane	   BepiPred-3.0	0.15	0.25	-	EIEGKAHPER	261	271	N	0	-	10	1.17	5.50	-1.78	0.58
				          Emini	1.00	1.61	0.70	.EE.EEEEE.         	
				       Kolaskar	1.05	0.99	0.00	..........         	
				    Chou Fosman	0.91	0.91	0.40	....EEEE..         	
				 Karplus Schulz	0.98	1.03	1.00	EEEEEEEEEE         	
				         Parker	0.56	2.23	0.80	EEEEEEEE..         	
				    All matches	-	-	0.00	..........         	
				         N-Glyc	-	-	0.00	..........         	
				     Hydropathy	-	-1.78	-	-+---+----         	
24	O83128	O83128	Cytoplasmic	   BepiPred-3.0	0.15	0.24	-	DRISKGQFRFP	250	261	N	0	-	11	1.35	10.84	-1.15	0.55
				          Emini	1.00	1.24	0.64	.EEE.EEEE..         	
				       Kolaskar	1.03	0.99	0.00	...........         	
				    Chou Fosman	0.97	1.02	0.73	..EEEEEEE.E         	
				 Karplus Schulz	0.99	1.02	0.73	EEEEEEE...E         	
				         Parker	1.28	1.67	0.64	EEEEEEE....         	
				    All matches	-	-	0.00	...........         	
				         N-Glyc	-	-	0.00	...........         	
				     Hydropathy	-	-1.15	-	--+----+-+-         	
25	O83547	O83547	CytoplasmicMembrane	   BepiPred-3.0	0.15	0.22	-	QQKQAETAVEWWKHPPKKV	87	106	N	0	-	19	2.32	9.53	-1.58	0.53
				          Emini	1.00	2.45	0.68	EEEEE..E..EEEEEEE..         	
				       Kolaskar	1.07	1.02	0.16	................EEE         	
				    Chou Fosman	0.92	0.91	0.37	...........EEEEEEE.         	
				 Karplus Schulz	0.99	1.01	0.68	EEEEEEE.....EEEEEE.         	
				         Parker	-0.19	1.83	0.74	EEEEEEEEE...E.EEEE.         	
				    All matches	-	-	0.05	................E..         	
				         N-Glyc	-	-	0.00	...................         	
				     Hydropathy	-	-1.58	-	----+--++---------+         	
26	O83504	O83504	CytoplasmicMembrane	   BepiPred-3.0	0.15	0.26	-	PQRARTRSPRRWTSMIKLGSCC	322	22	N	0	-	22	2.59	11.83	-0.96	0.52
				          Emini	1.00	2.43	0.55	EEEEEEEEEEEE..........         	
				       Kolaskar	1.05	0.84	0.09	.................EE...         	
				    Chou Fosman	0.91	0.88	0.73	EEEEEEEEEEEE...EEEE...         	
				 Karplus Schulz	0.98	0.84	0.68	EEEEEEEEEEEEE...EE....         	
				         Parker	0.56	1.85	0.55	EEEEEEEEEEEE..........         	
				    All matches	-	-	0.00	......................         	
				         N-Glyc	-	-	0.00	......................         	
				     Hydropathy	-	-0.96	-	---+----------++-+--++         	
27	O83172	O83172	Extracellular	   BepiPred-3.0	0.15	0.19	-	QSEVPIKTPS	33	43	N	0	-	10	1.09	6.00	-0.77	0.38
				          Emini	1.00	1.07	0.40	...EE.E.E.         	
				       Kolaskar	1.02	1.06	0.90	EEEEEEEEE.         	
				    Chou Fosman	1.11	0.98	0.10	.........E         	
				 Karplus Schulz	1.03	1.03	0.40	......EEEE         	
				         Parker	2.73	1.60	0.10	.........E         	
				    All matches	-	-	0.00	..........         	
				         N-Glyc	-	-	0.00	..........         	
				     Hydropathy	-	-0.77	-	---+-+----         	
